Due date	Invoice amount	Billing classification	Customer account
03/16/2017	629.01	ELECTRIC_UO	OCP-00284
03/16/2017	86.64	WATER_UO	OCP-00284
03/16/2017	1033.89	ELECTRIC_UO	OCP-00559
03/16/2017	28.88	WATER_UO	OCP-00559
03/16/2017	5400.52	RPT_UO_FEE	OCP-00478
03/16/2017	719.55	INS_UO_FEE	OCP-00478
03/16/2017	499.39	INTEREST	OCP-00478
03/16/2017	264.7784	INTEREST	OCP-00478
03/16/2017	535.02	ELECTRIC_UO	OCP-00042
03/16/2017	57.76	WATER_UO	OCP-00042
03/16/2017	751.92	ELECTRIC_UO	OCP-00223
03/16/2017	144.4	WATER_UO	OCP-00223
03/16/2017	1250.79	ELECTRIC_UO	OCP-00205
03/16/2017	144.4	WATER_UO	OCP-00205
03/16/2017	535.02	ELECTRIC_UO	OCP-00221
03/16/2017	14.44	WATER_UO	OCP-00221
03/16/2017	1785.81	ELECTRIC_UO	OCP-00197
03/16/2017	187.72	WATER_UO	OCP-00197
03/16/2017	751.92	ELECTRIC_UO	OCP-00333
03/16/2017	2617.26	ELECTRIC_UO	OCP-00032
03/16/2017	259.92	WATER_UO	OCP-00032
03/16/2017	1793.04	ELECTRIC_UO	OCP-00665
03/16/2017	101.08	WATER_UO	OCP-00665
03/16/2017	1807.5	ELECTRIC_UO	OCP-00295
03/16/2017	86.64	WATER_UO	OCP-00295
03/16/2017	2197.92	ELECTRIC_UO	OCP-00222
03/16/2017	129.96	WATER_UO	OCP-00222
03/16/2017	14.46	ELECTRIC_UO	OCP-00412
03/16/2017	2588.34	ELECTRIC_UO	OCP-00589
03/16/2017	129.96	WATER_UO	OCP-00589
03/16/2017	816	CA_ELC_UO	OCP-00522
03/16/2017	3400	ASSOC_UO	OCP-00522
03/16/2017	802.53	ELECTRIC_UO	OCP-00662
03/16/2017	72.2	WATER_UO	OCP-00662
03/16/2017	43.38	ELECTRIC_UO	OCP-00421
03/16/2017	1966.56	ELECTRIC_UO	OCP-00558
03/16/2017	129.96	WATER_UO	OCP-00558
03/16/2017	383.19	ELECTRIC_UO	OCP-00317
03/16/2017	101.08	WATER_UO	OCP-00317
03/16/2017	224.13	ELECTRIC_UO	OCP-00055
03/16/2017	43.32	WATER_UO	OCP-00055
03/16/2017	1402.62	ELECTRIC_UO	OCP-00035
03/16/2017	231.04	WATER_UO	OCP-00035
03/16/2017	4981.47	ELECTRIC_UO	OCP-00538
03/16/2017	332.12	WATER_UO	OCP-00538
03/16/2017	1503.84	ELECTRIC_UO	OCP-00104
03/16/2017	115.52	WATER_UO	OCP-00104
03/16/2017	6137.96	RPT_UO_FEE	OCP-00534
03/16/2017	825.24	INS_UO_FEE	OCP-00534
03/16/2017	568.2	INTEREST	OCP-00534
03/16/2017	301.256	INTEREST	OCP-00534
03/16/2017	1677.36	ELECTRIC_UO	OCP-00076
03/16/2017	231.04	WATER_UO	OCP-00076
03/16/2017	1944.87	ELECTRIC_UO	OCP-00055
03/16/2017	144.4	WATER_UO	OCP-00055
03/16/2017	2060.55	ELECTRIC_UO	OCP-00082
03/16/2017	375.44	WATER_UO	OCP-00082
03/16/2017	1807.5	ELECTRIC_UO	OCP-00287
03/16/2017	72.2	WATER_UO	OCP-00287
03/16/2017	708.54	ELECTRIC_UO	OCP-00170
03/16/2017	115.52	WATER_UO	OCP-00170
03/16/2017	650.7	ELECTRIC_UO	OCP-00488
03/16/2017	43.32	WATER_UO	OCP-00488
03/16/2017	1727.97	ELECTRIC_UO	OCP-00070
03/16/2017	317.68	WATER_UO	OCP-00070
03/16/2017	1243.56	ELECTRIC_UO	OCP-00315
03/16/2017	115.52	WATER_UO	OCP-00315
03/16/2017	1633.98	ELECTRIC_UO	OCP-00191
03/16/2017	115.52	WATER_UO	OCP-00191
03/16/2017	231.36	ELECTRIC_UO	OCP-00651
03/16/2017	28.88	WATER_UO	OCP-00651
03/16/2017	462.72	ELECTRIC_UO	OCP-00248
03/16/2017	72.2	WATER_UO	OCP-00248
03/16/2017	1048.35	ELECTRIC_UO	OCP-00230
03/16/2017	86.64	WATER_UO	OCP-00230
03/16/2017	14.46	ELECTRIC_UO	OCP-00148
03/16/2017	14.44	WATER_UO	OCP-00148
03/16/2017	2082.24	ELECTRIC_UO	OCP-00128
03/16/2017	57.76	WATER_UO	OCP-00128
03/16/2017	954.36	ELECTRIC_UO	OCP-00020
03/16/2017	158.84	WATER_UO	OCP-00020
03/16/2017	209.67	ELECTRIC_UO	OCP-00600
03/16/2017	86.64	WATER_UO	OCP-00600
03/16/2017	780.84	ELECTRIC_UO	OCP-00241
03/16/2017	28.88	WATER_UO	OCP-00241
03/16/2017	4258.47	ELECTRIC_UO	OCP-00509
03/16/2017	231.04	WATER_UO	OCP-00509
03/16/2017	2031.63	ELECTRIC_UO	OCP-00126
03/16/2017	187.72	WATER_UO	OCP-00126
03/16/2017	2118.39	ELECTRIC_UO	OCP-00308
03/16/2017	389.88	WATER_UO	OCP-00308
03/16/2017	21.69	ELECTRIC_UO	OCP-00622
03/16/2017	1648.44	ELECTRIC_UO	OCP-00201
03/16/2017	144.4	WATER_UO	OCP-00201
03/16/2017	14.46	ELECTRIC_UO	OCP-00511
03/16/2017	14.44	WATER_UO	OCP-00511
03/16/2017	480	CA_ELC_UO	OCP-00511
03/16/2017	2000	ASSOC_UO	OCP-00511
03/16/2017	2255.76	ELECTRIC_UO	OCP-00231
03/16/2017	404.32	WATER_UO	OCP-00231
03/16/2017	2494.35	ELECTRIC_UO	OCP-00116
03/16/2017	158.84	WATER_UO	OCP-00116
03/16/2017	368.73	ELECTRIC_UO	OCP-00031
03/16/2017	115.52	WATER_UO	OCP-00031
03/16/2017	2993.22	ELECTRIC_UO	OCP-00407
03/16/2017	231.04	WATER_UO	OCP-00407
03/16/2017	2429.28	ELECTRIC_UO	OCP-00167
03/16/2017	245.48	WATER_UO	OCP-00167
03/16/2017	648	CA_ELC_UO	OCP-00167
03/16/2017	2700	ASSOC_UO	OCP-00167
03/16/2017	1511.07	ELECTRIC_UO	OCP-00216
03/16/2017	389.88	WATER_UO	OCP-00216
03/16/2017	260.28	ELECTRIC_UO	OCP-00582
03/16/2017	28.88	WATER_UO	OCP-00582
03/16/2017	56.07	TOF	OCP-00582
03/16/2017	2.2428	INTEREST	OCP-00582
03/16/2017	976.05	ELECTRIC_UO	OCP-00524
03/16/2017	101.08	WATER_UO	OCP-00524
03/16/2017	1041.12	ELECTRIC_UO	OCP-00022
03/16/2017	187.72	WATER_UO	OCP-00022
03/16/2017	159.06	ELECTRIC_UO	OCP-00581
03/16/2017	2537.73	ELECTRIC_UO	OCP-00077
03/16/2017	288.8	WATER_UO	OCP-00077
03/16/2017	2140.08	ELECTRIC_UO	OCP-00461
03/16/2017	361	WATER_UO	OCP-00461
03/16/2017	2241.3	ELECTRIC_UO	OCP-00181
03/16/2017	245.48	WATER_UO	OCP-00181
03/16/2017	954.36	ELECTRIC_UO	OCP-00078
03/16/2017	216.6	WATER_UO	OCP-00078
03/16/2017	4157.25	ELECTRIC_UO	OCP-00112
03/16/2017	259.92	WATER_UO	OCP-00112
03/16/2017	939.9	ELECTRIC_UO	OCP-00632
03/16/2017	115.52	WATER_UO	OCP-00632
03/16/2017	332.58	ELECTRIC_UO	OCP-00018
03/16/2017	14.44	WATER_UO	OCP-00018
03/16/2017	2103.93	ELECTRIC_UO	OCP-00370
03/16/2017	231.04	WATER_UO	OCP-00370
03/16/2017	1156.8	ELECTRIC_UO	OCP-00124
03/16/2017	216.6	WATER_UO	OCP-00124
03/16/2017	441.03	ELECTRIC_UO	OCP-00469
03/16/2017	173.28	WATER_UO	OCP-00469
03/16/2017	506.1	ELECTRIC_UO	OCP-00243
03/16/2017	173.28	WATER_UO	OCP-00243
03/16/2017	2111.16	ELECTRIC_UO	OCP-00527
03/16/2017	245.48	WATER_UO	OCP-00527
03/16/2017	224.13	ELECTRIC_UO	OCP-00018
03/16/2017	14.44	WATER_UO	OCP-00018
03/16/2017	766.38	ELECTRIC_UO	OCP-00365
03/16/2017	231.04	WATER_UO	OCP-00365
03/16/2017	195.21	ELECTRIC_UO	OCP-00614
03/16/2017	28.88	WATER_UO	OCP-00614
03/16/2017	1850.88	ELECTRIC_UO	OCP-00570
03/16/2017	476.52	WATER_UO	OCP-00570
03/16/2017	1395.39	ELECTRIC_UO	OCP-00113
03/16/2017	288.8	WATER_UO	OCP-00113
03/16/2017	2899.23	ELECTRIC_UO	OCP-00052
03/16/2017	259.92	WATER_UO	OCP-00052
03/16/2017	961.59	ELECTRIC_UO	OCP-00568
03/16/2017	202.16	WATER_UO	OCP-00568
03/16/2017	1127.88	ELECTRIC_UO	OCP-00105
03/16/2017	144.4	WATER_UO	OCP-00105
03/16/2017	527.79	ELECTRIC_UO	OCP-00256
03/16/2017	28.88	WATER_UO	OCP-00256
03/16/2017	408	CA_ELC_UO	OCP-00256
03/16/2017	1700	ASSOC_UO	OCP-00256
03/16/2017	1821.96	ELECTRIC_UO	OCP-00264
03/16/2017	303.24	WATER_UO	OCP-00264
03/16/2017	1091.73	ELECTRIC_UO	OCP-00563
03/16/2017	187.72	WATER_UO	OCP-00563
03/16/2017	1012.2	ELECTRIC_UO	OCP-00040
03/16/2017	72.2	WATER_UO	OCP-00040
03/16/2017	3586.08	ELECTRIC_UO	OCP-00055
03/16/2017	707.56	WATER_UO	OCP-00055
03/16/2017	1108.53	RPT_UO_FEE	OCP-00642
03/16/2017	174.92	INS_UO_FEE	OCP-00642
03/16/2017	104.73	INTEREST	OCP-00642
03/16/2017	55.5272	INTEREST	OCP-00642
03/16/2017	1547.22	ELECTRIC_UO	OCP-00569
03/16/2017	72.2	WATER_UO	OCP-00569
03/16/2017	1879.8	ELECTRIC_UO	OCP-00439
03/16/2017	129.96	WATER_UO	OCP-00439
03/16/2017	831.45	ELECTRIC_UO	OCP-00413
03/16/2017	14.44	WATER_UO	OCP-00413
03/16/2017	600.09	ELECTRIC_UO	OCP-00387
03/16/2017	303.24	WATER_UO	OCP-00387
03/16/2017	766.38	ELECTRIC_UO	OCP-00178
03/16/2017	158.84	WATER_UO	OCP-00178
03/16/2017	3051.06	ELECTRIC_UO	OCP-00323
03/16/2017	332.12	WATER_UO	OCP-00323
03/16/2017	1135.11	ELECTRIC_UO	OCP-00251
03/16/2017	115.52	WATER_UO	OCP-00251
03/16/2017	2024.4	ELECTRIC_UO	OCP-00253
03/16/2017	216.6	WATER_UO	OCP-00253
03/16/2017	1720.74	ELECTRIC_UO	OCP-00210
03/16/2017	245.48	WATER_UO	OCP-00210
03/16/2017	14.46	ELECTRIC_UO	OCP-00419
03/16/2017	1388.16	ELECTRIC_UO	OCP-00612
03/16/2017	86.64	WATER_UO	OCP-00612
03/16/2017	14.46	ELECTRIC_UO	OCP-00263
03/16/2017	997.74	ELECTRIC_UO	OCP-00369
03/16/2017	57.76	WATER_UO	OCP-00369
03/16/2017	910.98	ELECTRIC_UO	OCP-00218
03/16/2017	158.84	WATER_UO	OCP-00218
03/16/2017	7.23	ELECTRIC_UO	OCP-00472
03/16/2017	809.76	ELECTRIC_UO	OCP-00171
03/16/2017	57.76	WATER_UO	OCP-00171
03/16/2017	3629.46	ELECTRIC_UO	OCP-00254
03/16/2017	505.4	WATER_UO	OCP-00254
03/16/2017	14.46	ELECTRIC_UO	OCP-00422
03/16/2017	1046.94	RPT_UO_FEE	OCP-00433
03/16/2017	167.31	INS_UO_FEE	OCP-00433
03/16/2017	99.08	INTEREST	OCP-00433
03/16/2017	52.5332	INTEREST	OCP-00433
03/16/2017	14.46	ELECTRIC_UO	OCP-00433
03/16/2017	14.44	WATER_UO	OCP-00433
03/16/2017	74.76	TOF	OCP-00433
03/16/2017	3668.77	RPT_UO_FEE	OCP-00433
03/16/2017	486.2	INS_UO_FEE	OCP-00433
03/16/2017	339.05	INTEREST	OCP-00433
03/16/2017	182.7512	INTEREST	OCP-00433
03/16/2017	3672.84	ELECTRIC_UO	OCP-00067
03/16/2017	231.04	WATER_UO	OCP-00067
03/16/2017	5559.87	ELECTRIC_UO	OCP-00137
03/16/2017	259.92	WATER_UO	OCP-00137
03/16/2017	1612.29	ELECTRIC_UO	OCP-00137
03/16/2017	57.76	WATER_UO	OCP-00137
03/16/2017	1988.25	ELECTRIC_UO	OCP-00137
03/16/2017	57.76	WATER_UO	OCP-00137
03/16/2017	1164.03	ELECTRIC_UO	OCP-00368
03/16/2017	57.76	WATER_UO	OCP-00368
03/16/2017	592.86	ELECTRIC_UO	OCP-00368
03/16/2017	28.88	WATER_UO	OCP-00368
03/16/2017	281.97	ELECTRIC_UO	OCP-00399
03/16/2017	57.76	WATER_UO	OCP-00399
03/16/2017	1019.43	ELECTRIC_UO	OCP-00091
03/16/2017	144.4	WATER_UO	OCP-00091
03/16/2017	2660.64	ELECTRIC_UO	OCP-00089
03/16/2017	332.12	WATER_UO	OCP-00089
03/16/2017	585.63	ELECTRIC_UO	OCP-00095
03/16/2017	14.44	WATER_UO	OCP-00095
03/16/2017	1518.3	ELECTRIC_UO	OCP-00027
03/16/2017	57.76	WATER_UO	OCP-00027
03/16/2017	1084.5	ELECTRIC_UO	OCP-00385
03/16/2017	202.16	WATER_UO	OCP-00385
03/16/2017	4453.68	ELECTRIC_UO	OCP-00106
03/16/2017	389.88	WATER_UO	OCP-00106
03/16/2017	701.31	ELECTRIC_UO	OCP-00519
03/16/2017	72.2	WATER_UO	OCP-00519
03/16/2017	1605.06	ELECTRIC_UO	OCP-00188
03/16/2017	216.6	WATER_UO	OCP-00188
03/16/2017	1785.81	ELECTRIC_UO	OCP-00177
03/16/2017	346.56	WATER_UO	OCP-00177
03/16/2017	1612.29	ELECTRIC_UO	OCP-00551
03/16/2017	216.6	WATER_UO	OCP-00551
03/16/2017	845.91	ELECTRIC_UO	OCP-00362
03/16/2017	187.72	WATER_UO	OCP-00362
03/16/2017	404.88	ELECTRIC_UO	OCP-00513
03/16/2017	28.88	WATER_UO	OCP-00513
03/16/2017	910.98	ELECTRIC_UO	OCP-00553
03/16/2017	158.84	WATER_UO	OCP-00553
03/16/2017	1800.27	ELECTRIC_UO	OCP-00118
03/16/2017	115.52	WATER_UO	OCP-00118
03/16/2017	1684.59	ELECTRIC_UO	OCP-00233
03/16/2017	216.6	WATER_UO	OCP-00233
03/16/2017	759.15	ELECTRIC_UO	OCP-00224
03/16/2017	231.04	WATER_UO	OCP-00224
03/16/2017	1294.17	ELECTRIC_UO	OCP-00449
03/16/2017	288.8	WATER_UO	OCP-00449
03/16/2017	14.44	WATER_UO	OCP-00382
03/16/2017	469.95	ELECTRIC_UO	OCP-00598
03/16/2017	115.52	WATER_UO	OCP-00598
03/16/2017	151.83	ELECTRIC_UO	OCP-00629
03/16/2017	5002.58	RPT_UO_FEE	OCP-00520
03/16/2017	670.41	INS_UO_FEE	OCP-00520
03/16/2017	462.92	INTEREST	OCP-00520
03/16/2017	245.4364	INTEREST	OCP-00520
03/16/2017	1164.03	ELECTRIC_UO	OCP-00428
03/16/2017	57.76	WATER_UO	OCP-00428
03/16/2017	173.52	ELECTRIC_UO	OCP-00037
03/16/2017	347.04	ELECTRIC_UO	OCP-00302
03/16/2017	14.44	WATER_UO	OCP-00302
03/16/2017	3513.78	ELECTRIC_UO	OCP-00091
03/16/2017	129.96	WATER_UO	OCP-00091
03/16/2017	1727.97	ELECTRIC_UO	OCP-00195
03/16/2017	115.52	WATER_UO	OCP-00195
03/16/2017	1323.09	ELECTRIC_UO	OCP-00328
03/16/2017	144.4	WATER_UO	OCP-00328
03/16/2017	2689.56	ELECTRIC_UO	OCP-00303
03/16/2017	288.8	WATER_UO	OCP-00303
03/16/2017	2219.61	ELECTRIC_UO	OCP-00127
03/16/2017	274.36	WATER_UO	OCP-00127
03/16/2017	549.48	ELECTRIC_UO	OCP-00415
03/16/2017	57.76	WATER_UO	OCP-00415
03/16/2017	108.45	ELECTRIC_UO	OCP-00255
03/16/2017	28.88	WATER_UO	OCP-00255
03/16/2017	1850.88	ELECTRIC_UO	OCP-00269
03/16/2017	158.84	WATER_UO	OCP-00269
03/16/2017	412.11	ELECTRIC_UO	OCP-00350
03/16/2017	57.76	WATER_UO	OCP-00350
03/16/2017	339.81	ELECTRIC_UO	OCP-00395
03/16/2017	28.88	WATER_UO	OCP-00395
03/16/2017	585.63	ELECTRIC_UO	OCP-00011
03/16/2017	72.2	WATER_UO	OCP-00011
03/16/2017	845.91	ELECTRIC_UO	OCP-00583
03/16/2017	187.72	WATER_UO	OCP-00583
03/16/2017	195.21	ELECTRIC_UO	OCP-00446
03/16/2017	14.44	WATER_UO	OCP-00446
03/16/2017	759.15	ELECTRIC_UO	OCP-00348
03/16/2017	72.2	WATER_UO	OCP-00348
03/16/2017	2581.11	ELECTRIC_UO	OCP-00499
03/16/2017	361	WATER_UO	OCP-00499
03/16/2017	7.23	ELECTRIC_UO	OCP-00107
03/16/2017	14.44	WATER_UO	OCP-00107
03/16/2017	1200.18	ELECTRIC_UO	OCP-00055
03/16/2017	28.88	WATER_UO	OCP-00055
03/16/2017	296.43	ELECTRIC_UO	OCP-00431
03/16/2017	28.88	WATER_UO	OCP-00431
03/16/2017	3470.4	ELECTRIC_UO	OCP-00331
03/16/2017	274.36	WATER_UO	OCP-00331
03/16/2017	5883.72	RPT_UO_FEE	OCP-00425
03/16/2017	779.22	INS_UO_FEE	OCP-00425
03/16/2017	543.7	INTEREST	OCP-00425
03/16/2017	288.2656	INTEREST	OCP-00425
03/16/2017	14.46	ELECTRIC_UO	OCP-00057
03/16/2017	1308.63	ELECTRIC_UO	OCP-00400
03/16/2017	231.04	WATER_UO	OCP-00400
03/16/2017	976.05	ELECTRIC_UO	OCP-00099
03/16/2017	129.96	WATER_UO	OCP-00099
03/16/2017	1004.97	ELECTRIC_UO	OCP-00228
03/16/2017	115.52	WATER_UO	OCP-00228
03/16/2017	686.85	ELECTRIC_UO	OCP-00155
03/16/2017	72.2	WATER_UO	OCP-00155
03/16/2017	173.52	ELECTRIC_UO	OCP-00397
03/16/2017	14.44	WATER_UO	OCP-00397
03/16/2017	448.26	ELECTRIC_UO	OCP-00420
03/16/2017	28.88	WATER_UO	OCP-00420
03/16/2017	3687.3	ELECTRIC_UO	OCP-00310
03/16/2017	202.16	WATER_UO	OCP-00310
03/16/2017	3311.34	ELECTRIC_UO	OCP-00319
03/16/2017	476.52	WATER_UO	OCP-00319
03/16/2017	375.96	ELECTRIC_UO	OCP-00423
03/16/2017	115.52	WATER_UO	OCP-00423
03/16/2017	3000.45	ELECTRIC_UO	OCP-00564
03/16/2017	332.12	WATER_UO	OCP-00564
03/16/2017	2385.9	ELECTRIC_UO	OCP-00074
03/16/2017	346.56	WATER_UO	OCP-00074
03/16/2017	368.73	ELECTRIC_UO	OCP-00208
03/16/2017	86.64	WATER_UO	OCP-00208
03/16/2017	2552.19	ELECTRIC_UO	OCP-00132
03/16/2017	288.8	WATER_UO	OCP-00132
03/16/2017	2270.22	ELECTRIC_UO	OCP-00039
03/16/2017	158.84	WATER_UO	OCP-00039
03/16/2017	1453.23	ELECTRIC_UO	OCP-00361
03/16/2017	462.08	WATER_UO	OCP-00361
03/16/2017	144.6	ELECTRIC_UO	OCP-00494
03/16/2017	115.52	WATER_UO	OCP-00494
03/16/2017	527.79	ELECTRIC_UO	OCP-00164
03/16/2017	115.52	WATER_UO	OCP-00164
03/16/2017	245.82	ELECTRIC_UO	OCP-00429
03/16/2017	274.12	TOF	OCP-00429
03/16/2017	28.8	WATER_UO	OCP-00429
03/16/2017	12.1168	INTEREST	OCP-00429
03/16/2017	14.46	ELECTRIC_UO	OCP-00158
03/16/2017	289.2	ELECTRIC_UO	OCP-00379
03/16/2017	129.96	WATER_UO	OCP-00379
03/16/2017	1699.05	ELECTRIC_UO	OCP-00405
03/16/2017	216.6	WATER_UO	OCP-00405
03/16/2017	1727.97	ELECTRIC_UO	OCP-00541
03/16/2017	245.48	WATER_UO	OCP-00541
03/16/2017	289.2	ELECTRIC_UO	OCP-00615
03/16/2017	43.32	WATER_UO	OCP-00615
03/16/2017	648	CA_ELC_UO	OCP-00615
03/16/2017	2700	ASSOC_UO	OCP-00615
03/16/2017	7.23	ELECTRIC_UO	OCP-00473
03/16/2017	1185.72	ELECTRIC_UO	OCP-00066
03/16/2017	57.76	WATER_UO	OCP-00066
03/16/2017	1077.27	ELECTRIC_UO	OCP-00065
03/16/2017	28.88	WATER_UO	OCP-00065
03/16/2017	441.03	ELECTRIC_UO	OCP-00536
03/16/2017	1106.19	ELECTRIC_UO	OCP-00110
03/16/2017	231.04	WATER_UO	OCP-00110
03/16/2017	1756.89	ELECTRIC_UO	OCP-00353
03/16/2017	202.16	WATER_UO	OCP-00353
03/16/2017	3846.36	ELECTRIC_UO	OCP-00465
03/16/2017	202.16	WATER_UO	OCP-00465
03/16/2017	831.45	ELECTRIC_UO	OCP-00069
03/16/2017	43.32	WATER_UO	OCP-00069
03/16/2017	115.68	ELECTRIC_UO	OCP-00272
03/16/2017	14.44	WATER_UO	OCP-00272
03/16/2017	1532.76	ELECTRIC_UO	OCP-00098
03/16/2017	202.16	WATER_UO	OCP-00098
03/16/2017	480	CA_ELC_UO	OCP-00098
03/16/2017	2000	ASSOC_UO	OCP-00098
03/16/2017	592.86	ELECTRIC_UO	OCP-00435
03/16/2017	43.32	WATER_UO	OCP-00435
03/16/2017	1699.05	ELECTRIC_UO	OCP-00311
03/16/2017	101.08	WATER_UO	OCP-00311
03/16/2017	867.6	ELECTRIC_UO	OCP-00034
03/16/2017	86.64	WATER_UO	OCP-00034
03/16/2017	535.02	ELECTRIC_UO	OCP-00432
03/16/2017	101.08	WATER_UO	OCP-00432
03/16/2017	1612.29	ELECTRIC_UO	OCP-00432
03/16/2017	303.24	WATER_UO	OCP-00432
03/16/2017	896.52	ELECTRIC_UO	OCP-00502
03/16/2017	57.76	WATER_UO	OCP-00502
03/16/2017	4463.58	RPT_UO_FEE	OCP-00391
03/16/2017	590.2	INS_UO_FEE	OCP-00391
03/16/2017	412.39	INTEREST	OCP-00391
03/16/2017	218.6468	INTEREST	OCP-00391
03/16/2017	1489.38	ELECTRIC_UO	OCP-00437
03/16/2017	187.72	WATER_UO	OCP-00437
03/16/2017	5204.71	RPT_UO_FEE	OCP-00429
03/16/2017	689.52	INS_UO_FEE	OCP-00429
03/16/2017	480.97	INTEREST	OCP-00429
03/16/2017	255.008	INTEREST	OCP-00429
03/16/2017	2103.93	ELECTRIC_UO	OCP-00306
03/16/2017	274.36	WATER_UO	OCP-00306
03/16/2017	903.75	ELECTRIC_UO	OCP-00386
03/16/2017	86.64	WATER_UO	OCP-00386
03/16/2017	354.27	ELECTRIC_UO	OCP-00404
03/16/2017	14.44	WATER_UO	OCP-00404
03/16/2017	7885.49	RPT_UO_FEE	OCP-00404
03/16/2017	1042.99	INS_UO_FEE	OCP-00404
03/16/2017	728.56	INTEREST	OCP-00404
03/16/2017	386.2816	INTEREST	OCP-00404
03/16/2017	766.38	ELECTRIC_UO	OCP-00574
03/16/2017	43.32	WATER_UO	OCP-00574
03/16/2017	130.14	ELECTRIC_UO	OCP-00503
03/16/2017	72.2	WATER_UO	OCP-00503
03/16/2017	1908.72	ELECTRIC_UO	OCP-00669
03/16/2017	57.76	WATER_UO	OCP-00669
03/16/2017	3390.87	ELECTRIC_UO	OCP-00003
03/16/2017	375.44	WATER_UO	OCP-00003
03/16/2017	7.23	ELECTRIC_UO	OCP-00540
03/16/2017	1532.76	ELECTRIC_UO	OCP-00543
03/16/2017	216.6	WATER_UO	OCP-00543
03/16/2017	484.41	ELECTRIC_UO	OCP-00537
03/16/2017	129.96	WATER_UO	OCP-00537
03/16/2017	267.51	ELECTRIC_UO	OCP-00686
03/16/2017	1048.35	ELECTRIC_UO	OCP-00304
03/16/2017	129.96	WATER_UO	OCP-00304
03/16/2017	187.98	ELECTRIC_UO	OCP-00551
03/16/2017	14.44	WATER_UO	OCP-00551
03/16/2017	968.82	ELECTRIC_UO	OCP-00252
03/16/2017	101.08	WATER_UO	OCP-00252
03/16/2017	57.84	ELECTRIC_UO	OCP-00257
03/16/2017	14.44	WATER_UO	OCP-00257
03/16/2017	824.22	ELECTRIC_UO	OCP-00591
03/16/2017	129.96	WATER_UO	OCP-00591
03/16/2017	1140	CA_ELC_UO	OCP-00550
03/16/2017	4750	ASSOC_UO	OCP-00550
03/16/2017	20746.15	TOF	OCP-00550
03/16/2017	14.01	WATER_UO	OCP-00550
03/16/2017	5700	CA_ELC_UO	OCP-00550
03/16/2017	23750	ASSOC_UO	OCP-00550
03/16/2017	7850.75	RPT_UO_FEE	OCP-00550
03/16/2017	1062.1	INS_UO_FEE	OCP-00550
03/16/2017	8474.95	INTEREST	OCP-00550
03/16/2017	2602.132686	INTEREST	OCP-00550
03/16/2017	2841.39	ELECTRIC_UO	OCP-00265
03/16/2017	447.64	WATER_UO	OCP-00265
03/16/2017	1062.81	ELECTRIC_UO	OCP-00220
03/16/2017	361	WATER_UO	OCP-00220
03/16/2017	3145.05	ELECTRIC_UO	OCP-00111
03/16/2017	288.8	WATER_UO	OCP-00111
03/16/2017	1026.66	ELECTRIC_UO	OCP-00556
03/16/2017	86.64	WATER_UO	OCP-00556
03/16/2017	14.44	WATER_UO	OCP-00058
03/16/2017	2494.35	ELECTRIC_UO	OCP-00063
03/16/2017	173.28	WATER_UO	OCP-00063
03/16/2017	2436.51	ELECTRIC_UO	OCP-00378
03/16/2017	375.44	WATER_UO	OCP-00378
03/16/2017	260.28	ELECTRIC_UO	OCP-00388
03/16/2017	1670.13	ELECTRIC_UO	OCP-00430
03/16/2017	72.2	WATER_UO	OCP-00430
03/16/2017	2356.98	ELECTRIC_UO	OCP-00051
03/16/2017	216.6	WATER_UO	OCP-00051
03/16/2017	1583.37	ELECTRIC_UO	OCP-00051
03/16/2017	115.52	WATER_UO	OCP-00051
03/16/2017	14.44	WATER_UO	OCP-00476
03/16/2017	36.15	ELECTRIC_UO	OCP-00661
03/16/2017	1554.45	ELECTRIC_UO	OCP-00492
03/16/2017	86.64	WATER_UO	OCP-00492
03/16/2017	2118.39	ELECTRIC_UO	OCP-00044
03/16/2017	231.04	WATER_UO	OCP-00044
03/16/2017	585.63	ELECTRIC_UO	OCP-00467
03/16/2017	57.76	WATER_UO	OCP-00467
03/16/2017	50.61	ELECTRIC_UO	OCP-00410
03/16/2017	7.23	ELECTRIC_UO	OCP-00360
03/16/2017	1409.85	ELECTRIC_UO	OCP-00381
03/16/2017	187.72	WATER_UO	OCP-00381
03/16/2017	4135.56	ELECTRIC_UO	OCP-00184
03/16/2017	707.56	WATER_UO	OCP-00184
03/16/2017	122.91	ELECTRIC_UO	OCP-00138
03/16/2017	28.88	WATER_UO	OCP-00138
03/16/2017	737.46	ELECTRIC_UO	OCP-00073
03/16/2017	173.28	WATER_UO	OCP-00073
03/16/2017	3708.99	ELECTRIC_UO	OCP-00073
03/16/2017	187.72	WATER_UO	OCP-00073
03/16/2017	65.07	ELECTRIC_UO	OCP-00345
03/16/2017	1981.02	ELECTRIC_UO	OCP-00147
03/16/2017	202.16	WATER_UO	OCP-00147
03/16/2017	1641.21	ELECTRIC_UO	OCP-00342
03/16/2017	231.04	WATER_UO	OCP-00342
03/16/2017	1250.79	ELECTRIC_UO	OCP-00309
03/16/2017	115.52	WATER_UO	OCP-00309
03/16/2017	1301.4	ELECTRIC_UO	OCP-00276
03/16/2017	158.84	WATER_UO	OCP-00276
03/16/2017	274.74	ELECTRIC_UO	OCP-00209
03/16/2017	57.76	WATER_UO	OCP-00209
03/16/2017	2212.38	ELECTRIC_UO	OCP-00271
03/16/2017	231.04	WATER_UO	OCP-00271
03/16/2017	4048.8	ELECTRIC_UO	OCP-00086
03/16/2017	447.64	WATER_UO	OCP-00086
03/16/2017	4034.34	ELECTRIC_UO	OCP-00414
03/16/2017	129.96	WATER_UO	OCP-00414
03/16/2017	730.23	ELECTRIC_UO	OCP-00293
03/16/2017	72.2	WATER_UO	OCP-00293
03/16/2017	1026.66	ELECTRIC_UO	OCP-00332
03/16/2017	101.08	WATER_UO	OCP-00332
03/16/2017	1286.94	ELECTRIC_UO	OCP-00637
03/16/2017	158.84	WATER_UO	OCP-00637
03/16/2017	187.98	ELECTRIC_UO	OCP-00135
03/16/2017	788.07	ELECTRIC_UO	OCP-00401
03/16/2017	158.84	WATER_UO	OCP-00401
03/16/2017	2479.89	ELECTRIC_UO	OCP-00305
03/16/2017	332.12	WATER_UO	OCP-00305
03/16/2017	1417.08	ELECTRIC_UO	OCP-00544
03/16/2017	158.84	WATER_UO	OCP-00544
03/16/2017	2234.07	ELECTRIC_UO	OCP-00173
03/16/2017	202.16	WATER_UO	OCP-00173
03/16/2017	2154.54	ELECTRIC_UO	OCP-00187
03/16/2017	129.96	WATER_UO	OCP-00187
03/16/2017	1568.91	ELECTRIC_UO	OCP-00330
03/16/2017	101.08	WATER_UO	OCP-00330
03/16/2017	21.69	ELECTRIC_UO	OCP-00232
03/16/2017	14.44	WATER_UO	OCP-00232
03/16/2017	195.21	ELECTRIC_UO	OCP-00047
03/16/2017	2400.36	ELECTRIC_UO	OCP-00489
03/16/2017	462.08	WATER_UO	OCP-00489
03/16/2017	4930.86	ELECTRIC_UO	OCP-00169
03/16/2017	389.88	WATER_UO	OCP-00169
03/16/2017	43.32	WATER_UO	OCP-00325
03/16/2017	3051.06	ELECTRIC_UO	OCP-00119
03/16/2017	216.6	WATER_UO	OCP-00119
03/16/2017	1185.72	ELECTRIC_UO	OCP-00250
03/16/2017	28.88	WATER_UO	OCP-00250
03/16/2017	1474.92	ELECTRIC_UO	OCP-00097
03/16/2017	187.72	WATER_UO	OCP-00097
03/16/2017	4634.43	ELECTRIC_UO	OCP-00500
03/16/2017	274.36	WATER_UO	OCP-00500
03/16/2017	14.44	WATER_UO	OCP-00501
03/16/2017	1258.02	ELECTRIC_UO	OCP-00495
03/16/2017	187.72	WATER_UO	OCP-00495
03/16/2017	1496.61	ELECTRIC_UO	OCP-00571
03/16/2017	288.8	WATER_UO	OCP-00571
03/16/2017	1004.97	ELECTRIC_UO	OCP-00336
03/16/2017	57.76	WATER_UO	OCP-00336
03/16/2017	1699.05	ELECTRIC_UO	OCP-00092
03/16/2017	231.04	WATER_UO	OCP-00092
03/16/2017	166.29	ELECTRIC_UO	OCP-00624
03/16/2017	72.2	WATER_UO	OCP-00624
03/16/2017	1308.63	ELECTRIC_UO	OCP-00316
03/16/2017	173.28	WATER_UO	OCP-00316
03/16/2017	2046.09	ELECTRIC_UO	OCP-00367
03/16/2017	101.08	WATER_UO	OCP-00367
03/16/2017	2205.15	ELECTRIC_UO	OCP-00163
03/16/2017	418.76	WATER_UO	OCP-00163
03/16/2017	2826.93	ELECTRIC_UO	OCP-00156
03/16/2017	231.04	WATER_UO	OCP-00156
03/16/2017	1590.6	ELECTRIC_UO	OCP-00140
03/16/2017	158.84	WATER_UO	OCP-00140
03/16/2017	1221.87	ELECTRIC_UO	OCP-00172
03/16/2017	101.08	WATER_UO	OCP-00172
03/16/2017	491.64	ELECTRIC_UO	OCP-00447
03/16/2017	101.08	WATER_UO	OCP-00447
03/16/2017	1120.65	ELECTRIC_UO	OCP-00204
03/16/2017	86.64	WATER_UO	OCP-00204
03/16/2017	1135.11	ELECTRIC_UO	OCP-00667
03/16/2017	259.92	WATER_UO	OCP-00448
03/16/2017	4210.93	RPT_UO_FEE	OCP-00448
03/16/2017	559	INS_UO_FEE	OCP-00448
03/16/2017	389.23	INTEREST	OCP-00448
03/16/2017	206.3664	INTEREST	OCP-00448
03/16/2017	2479.89	ELECTRIC_UO	OCP-00149
03/16/2017	447.64	WATER_UO	OCP-00149
03/16/2017	1641.21	ELECTRIC_UO	OCP-00084
03/16/2017	332.12	WATER_UO	OCP-00084
03/16/2017	2400.36	ELECTRIC_UO	OCP-00329
03/16/2017	202.16	WATER_UO	OCP-00329
03/16/2017	694.08	ELECTRIC_UO	OCP-00408
03/16/2017	2255.76	ELECTRIC_UO	OCP-00061
03/16/2017	447.64	WATER_UO	OCP-00061
03/16/2017	2920.92	ELECTRIC_UO	OCP-00122
03/16/2017	418.76	WATER_UO	OCP-00122
03/16/2017	7.23	ELECTRIC_UO	OCP-00557
03/16/2017	816.99	ELECTRIC_UO	OCP-00474
03/16/2017	216.6	WATER_UO	OCP-00474
03/16/2017	5400.52	RPT_UO_FEE	OCP-00474
03/16/2017	719.55	INS_UO_FEE	OCP-00474
03/16/2017	499.39	INTEREST	OCP-00474
03/16/2017	264.7784	INTEREST	OCP-00474
03/16/2017	795.3	ELECTRIC_UO	OCP-00290
03/16/2017	144.4	WATER_UO	OCP-00290
03/16/2017	1626.75	ELECTRIC_UO	OCP-00291
03/16/2017	144.4	WATER_UO	OCP-00291
03/16/2017	151.83	ELECTRIC_UO	OCP-00618
03/16/2017	14.46	ELECTRIC_UO	OCP-00617
03/16/2017	174.44	TOF	OCP-00617
03/16/2017	43.2	WATER_UO	OCP-00617
03/16/2017	8.7056	INTEREST	OCP-00617
03/16/2017	1735.2	ELECTRIC_UO	OCP-00242
03/16/2017	259.92	WATER_UO	OCP-00242
03/16/2017	50.61	ELECTRIC_UO	OCP-00677
03/16/2017	14.44	WATER_UO	OCP-00677
03/16/2017	3586.08	ELECTRIC_UO	OCP-00587
03/16/2017	490.96	WATER_UO	OCP-00587
03/16/2017	650.7	ELECTRIC_UO	OCP-00646
03/16/2017	129.96	WATER_UO	OCP-00646
03/16/2017	723	ELECTRIC_UO	OCP-00049
03/16/2017	43.32	WATER_UO	OCP-00049
03/16/2017	50.61	ELECTRIC_UO	OCP-00056
03/16/2017	14.44	WATER_UO	OCP-00056
03/16/2017	571.17	ELECTRIC_UO	OCP-00043
03/16/2017	187.72	WATER_UO	OCP-00043
03/16/2017	1055.58	ELECTRIC_UO	OCP-00275
03/16/2017	144.4	WATER_UO	OCP-00275
03/16/2017	600.09	ELECTRIC_UO	OCP-00496
03/16/2017	72.2	WATER_UO	OCP-00496
03/16/2017	1778.58	ELECTRIC_UO	OCP-00619
03/16/2017	303.24	WATER_UO	OCP-00619
03/16/2017	3542.7	ELECTRIC_UO	OCP-00539
03/16/2017	361	WATER_UO	OCP-00371
03/16/2017	216	WATER_UO	OCP-00371
03/16/2017	8.64	INTEREST	OCP-00371
03/16/2017	2349.75	ELECTRIC_UO	OCP-00235
03/16/2017	129.96	WATER_UO	OCP-00235
03/16/2017	426.57	ELECTRIC_UO	OCP-00249
03/16/2017	101.08	WATER_UO	OCP-00249
03/16/2017	130.14	ELECTRIC_UO	OCP-00249
03/16/2017	43.32	WATER_UO	OCP-00249
03/16/2017	737.46	ELECTRIC_UO	OCP-00081
03/16/2017	303.24	WATER_UO	OCP-00081
03/16/2017	2400.36	ELECTRIC_UO	OCP-00161
03/16/2017	144.4	WATER_UO	OCP-00161
03/16/2017	4894.71	ELECTRIC_UO	OCP-00024
03/16/2017	144.4	WATER_UO	OCP-00024
03/16/2017	7.23	ELECTRIC_UO	OCP-00131
03/16/2017	1525.53	ELECTRIC_UO	OCP-00406
03/16/2017	346.56	WATER_UO	OCP-00406
03/16/2017	1474.92	ELECTRIC_UO	OCP-00392
03/16/2017	101.08	WATER_UO	OCP-00392
03/16/2017	1959.33	ELECTRIC_UO	OCP-00327
03/16/2017	288.8	WATER_UO	OCP-00327
03/16/2017	1720.74	ELECTRIC_UO	OCP-00477
03/16/2017	245.48	WATER_UO	OCP-00477
03/16/2017	607.32	ELECTRIC_UO	OCP-00268
03/16/2017	101.08	WATER_UO	OCP-00268
03/16/2017	361.5	ELECTRIC_UO	OCP-00285
03/16/2017	14.44	WATER_UO	OCP-00285
03/16/2017	14.46	ELECTRIC_UO	OCP-00681
03/16/2017	390.42	ELECTRIC_UO	OCP-00182
03/16/2017	101.08	WATER_UO	OCP-00182
03/16/2017	1062.81	ELECTRIC_UO	OCP-00504
03/16/2017	389.88	WATER_UO	OCP-00504
03/16/2017	1142.34	ELECTRIC_UO	OCP-00125
03/16/2017	144.4	WATER_UO	OCP-00125
03/16/2017	36.15	ELECTRIC_UO	OCP-00376
03/16/2017	2747.4	ELECTRIC_UO	OCP-00236
03/16/2017	592.04	WATER_UO	OCP-00236
03/16/2017	2205.15	ELECTRIC_UO	OCP-00296
03/16/2017	332.12	WATER_UO	OCP-00296
03/16/2017	7.23	ELECTRIC_UO	OCP-00025
03/16/2017	1829.19	ELECTRIC_UO	OCP-00131
03/16/2017	245.48	WATER_UO	OCP-00131
03/16/2017	2161.77	ELECTRIC_UO	OCP-00546
03/16/2017	43.32	WATER_UO	OCP-00546
03/16/2017	7.23	ELECTRIC_UO	OCP-00203
03/16/2017	3586.08	ELECTRIC_UO	OCP-00298
03/16/2017	288.8	WATER_UO	OCP-00298
03/16/2017	3723.45	ELECTRIC_UO	OCP-00457
03/16/2017	158.84	WATER_UO	OCP-00457
03/16/2017	50.61	ELECTRIC_UO	OCP-00217
03/16/2017	166.29	ELECTRIC_UO	OCP-00194
03/16/2017	14.44	WATER_UO	OCP-00194
03/16/2017	954.36	ELECTRIC_UO	OCP-00139
03/16/2017	115.52	WATER_UO	OCP-00139
03/16/2017	1597.83	ELECTRIC_UO	OCP-00464
03/16/2017	86.64	WATER_UO	OCP-00464
03/16/2017	2631.72	ELECTRIC_UO	OCP-00471
03/16/2017	288.8	WATER_UO	OCP-00471
03/16/2017	260.28	ELECTRIC_UO	OCP-00358
03/16/2017	72.2	WATER_UO	OCP-00358
03/16/2017	3318.57	ELECTRIC_UO	OCP-00294
03/16/2017	346.56	WATER_UO	OCP-00294
03/16/2017	1062.81	ELECTRIC_UO	OCP-00212
03/16/2017	274.36	WATER_UO	OCP-00212
03/16/2017	1474.92	ELECTRIC_UO	OCP-00479
03/16/2017	259.92	WATER_UO	OCP-00479
03/16/2017	1482.15	ELECTRIC_UO	OCP-00313
03/16/2017	187.72	WATER_UO	OCP-00313
03/16/2017	795.3	ELECTRIC_UO	OCP-00090
03/16/2017	173.28	WATER_UO	OCP-00090
03/16/2017	347.04	ELECTRIC_UO	OCP-00102
03/16/2017	14.44	WATER_UO	OCP-00102
03/16/2017	303.66	ELECTRIC_UO	OCP-00349
03/16/2017	202.16	WATER_UO	OCP-00349
03/16/2017	744.69	ELECTRIC_UO	OCP-00192
03/16/2017	129.96	WATER_UO	OCP-00192
03/16/2017	3065.52	ELECTRIC_UO	OCP-00012
03/16/2017	231.04	WATER_UO	OCP-00012
03/16/2017	3137.82	ELECTRIC_UO	OCP-00015
03/16/2017	216.6	WATER_UO	OCP-00015
03/16/2017	2328.06	ELECTRIC_UO	OCP-00015
03/16/2017	202.16	WATER_UO	OCP-00015
03/16/2017	1605.06	ELECTRIC_UO	OCP-00597
03/16/2017	447.64	WATER_UO	OCP-00597
03/16/2017	21.69	ELECTRIC_UO	OCP-00671
03/16/2017	14.44	WATER_UO	OCP-00671
03/16/2017	838.68	ELECTRIC_UO	OCP-00267
03/16/2017	202.16	WATER_UO	OCP-00267
03/16/2017	1641.21	ELECTRIC_UO	OCP-00283
03/16/2017	101.08	WATER_UO	OCP-00283
03/16/2017	1279.71	ELECTRIC_UO	OCP-00452
03/16/2017	202.16	WATER_UO	OCP-00452
03/16/2017	318.12	ELECTRIC_UO	OCP-00552
03/16/2017	43.32	WATER_UO	OCP-00552
03/16/2017	347.04	ELECTRIC_UO	OCP-00352
03/16/2017	43.32	WATER_UO	OCP-00352
03/16/2017	2877.54	ELECTRIC_UO	OCP-00189
03/16/2017	173.28	WATER_UO	OCP-00189
03/16/2017	1539.99	ELECTRIC_UO	OCP-00162
03/16/2017	115.52	WATER_UO	OCP-00162
03/16/2017	2805.24	ELECTRIC_UO	OCP-00380
03/16/2017	158.84	WATER_UO	OCP-00380
03/16/2017	1539.99	ELECTRIC_UO	OCP-00262
03/16/2017	346.56	WATER_UO	OCP-00262
03/16/2017	72.3	ELECTRIC_UO	OCP-00549
03/16/2017	375.96	ELECTRIC_UO	OCP-00060
03/16/2017	14.44	WATER_UO	OCP-00060
03/16/2017	180.75	ELECTRIC_UO	OCP-00482
03/16/2017	72.2	WATER_UO	OCP-00482
03/16/2017	5183.91	ELECTRIC_UO	OCP-00103
03/16/2017	505.4	WATER_UO	OCP-00103
03/16/2017	759.15	ELECTRIC_UO	OCP-00059
03/16/2017	14.44	WATER_UO	OCP-00059
03/16/2017	737.46	ELECTRIC_UO	OCP-00668
03/16/2017	14.44	WATER_UO	OCP-00668
03/16/2017	144.6	ELECTRIC_UO	OCP-00359
03/16/2017	101.08	WATER_UO	OCP-00359
03/16/2017	7.23	ELECTRIC_UO	OCP-00609
03/16/2017	122.91	ELECTRIC_UO	OCP-00068
03/16/2017	1395.39	ELECTRIC_UO	OCP-00211
03/16/2017	129.96	WATER_UO	OCP-00211
03/16/2017	1380.93	ELECTRIC_UO	OCP-00064
03/16/2017	187.72	WATER_UO	OCP-00064
03/16/2017	636.24	ELECTRIC_UO	OCP-00523
03/16/2017	101.08	WATER_UO	OCP-00523
03/16/2017	2646.18	ELECTRIC_UO	OCP-00312
03/16/2017	216.6	WATER_UO	OCP-00312
03/16/2017	7.23	ELECTRIC_UO	OCP-00480
03/16/2017	21.69	ELECTRIC_UO	OCP-00683
03/16/2017	1576.14	ELECTRIC_UO	OCP-00071
03/16/2017	57.76	WATER_UO	OCP-00071
03/16/2017	2667.87	ELECTRIC_UO	OCP-00299
03/16/2017	288.8	WATER_UO	OCP-00299
03/16/2017	441.03	ELECTRIC_UO	OCP-00186
03/16/2017	72.2	WATER_UO	OCP-00186
03/16/2017	6333.48	ELECTRIC_UO	OCP-00547
03/16/2017	490.96	WATER_UO	OCP-00547
03/16/2017	2002.71	ELECTRIC_UO	OCP-00334
03/16/2017	216.6	WATER_UO	OCP-00334
03/16/2017	79.53	ELECTRIC_UO	OCP-00030
03/16/2017	14.44	WATER_UO	OCP-00030
03/16/2017	1677.36	ELECTRIC_UO	OCP-00023
03/16/2017	288.8	WATER_UO	OCP-00023
03/16/2017	766.38	ELECTRIC_UO	OCP-00023
03/16/2017	375.44	WATER_UO	OCP-00023
03/16/2017	939.9	ELECTRIC_UO	OCP-00346
03/16/2017	332.12	WATER_UO	OCP-00346
03/16/2017	1525.53	ELECTRIC_UO	OCP-00644
03/16/2017	288.8	WATER_UO	OCP-00644
03/16/2017	6015.36	ELECTRIC_UO	OCP-00321
03/16/2017	346.56	WATER_UO	OCP-00321
03/16/2017	2118.39	ELECTRIC_UO	OCP-00207
03/16/2017	115.52	WATER_UO	OCP-00207
03/16/2017	1800.27	ELECTRIC_UO	OCP-00301
03/16/2017	187.72	WATER_UO	OCP-00301
03/16/2017	1836.42	ELECTRIC_UO	OCP-00518
03/16/2017	86.64	WATER_UO	OCP-00518
03/16/2017	853.14	ELECTRIC_UO	OCP-00151
03/16/2017	72.2	WATER_UO	OCP-00151
03/16/2017	151.83	ELECTRIC_UO	OCP-00246
03/16/2017	14.44	WATER_UO	OCP-00246
03/16/2017	130.14	ELECTRIC_UO	OCP-00567
03/16/2017	129.96	WATER_UO	OCP-00567
03/16/2017	173.52	ELECTRIC_UO	OCP-00079
03/16/2017	28.88	WATER_UO	OCP-00079
03/16/2017	1192.95	ELECTRIC_UO	OCP-00639
03/16/2017	144.4	WATER_UO	OCP-00639
03/16/2017	2046.09	ELECTRIC_UO	OCP-00142
03/16/2017	115.52	WATER_UO	OCP-00142
03/16/2017	1858.11	ELECTRIC_UO	OCP-00610
03/16/2017	317.68	WATER_UO	OCP-00610
03/16/2017	1214.64	ELECTRIC_UO	OCP-00157
03/16/2017	72.2	WATER_UO	OCP-00157
03/16/2017	65.07	ELECTRIC_UO	OCP-00575
03/16/2017	14.44	WATER_UO	OCP-00575
03/16/2017	57.84	ELECTRIC_UO	OCP-00575
03/16/2017	101.08	WATER_UO	OCP-00575
03/16/2017	1041.12	ELECTRIC_UO	OCP-00356
03/16/2017	144.4	WATER_UO	OCP-00356
03/16/2017	1532.76	ELECTRIC_UO	OCP-00326
03/16/2017	173.28	WATER_UO	OCP-00326
03/16/2017	477.18	ELECTRIC_UO	OCP-00088
03/16/2017	28.88	WATER_UO	OCP-00088
03/16/2017	1315.86	ELECTRIC_UO	OCP-00289
03/16/2017	86.64	WATER_UO	OCP-00289
03/16/2017	7.23	ELECTRIC_UO	OCP-00219
03/16/2017	1171.26	ELECTRIC_UO	OCP-00108
03/16/2017	57.76	WATER_UO	OCP-00108
03/16/2017	498.87	ELECTRIC_UO	OCP-00096
03/16/2017	28.88	WATER_UO	OCP-00096
03/16/2017	187.98	ELECTRIC_UO	OCP-00096
03/16/2017	28.88	WATER_UO	OCP-00096
03/16/2017	28.92	ELECTRIC_UO	OCP-00507
03/16/2017	2638.95	ELECTRIC_UO	OCP-00402
03/16/2017	361	WATER_UO	OCP-00402
03/16/2017	2559.42	ELECTRIC_UO	OCP-00318
03/16/2017	173.28	WATER_UO	OCP-00318
03/16/2017	939.9	ELECTRIC_UO	OCP-00134
03/16/2017	101.08	WATER_UO	OCP-00134
03/16/2017	1366.47	ELECTRIC_UO	OCP-00498
03/16/2017	57.76	WATER_UO	OCP-00498
03/16/2017	14.46	ELECTRIC_UO	OCP-00363
03/16/2017	1366.47	ELECTRIC_UO	OCP-00383
03/16/2017	144.4	WATER_UO	OCP-00383
03/16/2017	1243.56	ELECTRIC_UO	OCP-00115
03/16/2017	43.32	WATER_UO	OCP-00115
03/16/2017	441.03	ELECTRIC_UO	OCP-00409
03/16/2017	28.88	WATER_UO	OCP-00409
03/16/2017	101.08	WATER_UO	OCP-00417
03/16/2017	14.44	WATER_UO	OCP-00270
03/16/2017	137.37	ELECTRIC_UO	OCP-00045
03/16/2017	2400.36	ELECTRIC_UO	OCP-00085
03/16/2017	274.36	WATER_UO	OCP-00085
03/16/2017	3810.21	ELECTRIC_UO	OCP-00516
03/16/2017	462.08	WATER_UO	OCP-00516
03/16/2017	4554.9	ELECTRIC_UO	OCP-00258
03/16/2017	476.52	WATER_UO	OCP-00258
03/16/2017	2046.09	ELECTRIC_UO	OCP-00141
03/16/2017	288.8	WATER_UO	OCP-00141
03/16/2017	1847.55	RPT_UO_FEE	OCP-00636
03/16/2017	280.8	INS_UO_FEE	OCP-00636
03/16/2017	173.67	INTEREST	OCP-00636
03/16/2017	92.0808	INTEREST	OCP-00636
03/16/2017	2704.02	ELECTRIC_UO	OCP-00214
03/16/2017	332.12	WATER_UO	OCP-00214
03/16/2017	2262.99	ELECTRIC_UO	OCP-00193
03/16/2017	144.4	WATER_UO	OCP-00193
03/16/2017	43.38	ELECTRIC_UO	OCP-00136
03/16/2017	332.58	ELECTRIC_UO	OCP-00136
03/16/2017	57.76	WATER_UO	OCP-00136
03/16/2017	4460.91	ELECTRIC_UO	OCP-00373
03/16/2017	664.24	WATER_UO	OCP-00373
03/16/2017	14.46	ELECTRIC_UO	OCP-00266
03/16/2017	1250.79	ELECTRIC_UO	OCP-00484
03/16/2017	173.28	WATER_UO	OCP-00484
03/16/2017	737.46	ELECTRIC_UO	OCP-00245
03/16/2017	72.2	WATER_UO	OCP-00245
03/16/2017	383.19	ELECTRIC_UO	OCP-00596
03/16/2017	43.32	WATER_UO	OCP-00596
03/16/2017	28.92	ELECTRIC_UO	OCP-00292
03/16/2017	404.88	ELECTRIC_UO	OCP-00462
03/16/2017	245.48	WATER_UO	OCP-00462
03/16/2017	3087.21	ELECTRIC_UO	OCP-00213
03/16/2017	158.84	WATER_UO	OCP-00213
03/16/2017	1041.12	ELECTRIC_UO	OCP-00075
03/16/2017	57.76	WATER_UO	OCP-00075
03/16/2017	3253.5	ELECTRIC_UO	OCP-00573
03/16/2017	202.16	WATER_UO	OCP-00573
03/16/2017	1084.5	ELECTRIC_UO	OCP-00322
03/16/2017	57.76	WATER_UO	OCP-00322
03/16/2017	325.35	ELECTRIC_UO	OCP-00016
03/16/2017	14.44	WATER_UO	OCP-00016
03/16/2017	1626.75	ELECTRIC_UO	OCP-00014
03/16/2017	72.2	WATER_UO	OCP-00014
03/16/2017	455.49	ELECTRIC_UO	OCP-00014
03/16/2017	43.32	WATER_UO	OCP-00014
03/16/2017	1655.67	ELECTRIC_UO	OCP-00505
03/16/2017	86.64	WATER_UO	OCP-00505
03/16/2017	122.91	ELECTRIC_UO	OCP-00198
03/16/2017	28.88	WATER_UO	OCP-00198
03/16/2017	708.54	ELECTRIC_UO	OCP-00129
03/16/2017	231.04	WATER_UO	OCP-00129
03/16/2017	1113.42	ELECTRIC_UO	OCP-00628
03/16/2017	57.76	WATER_UO	OCP-00628
03/16/2017	361.5	ELECTRIC_UO	OCP-00393
03/16/2017	556.71	ELECTRIC_UO	OCP-00680
03/16/2017	14.44	WATER_UO	OCP-00680
03/16/2017	1171.26	ELECTRIC_UO	OCP-00008
03/16/2017	129.96	WATER_UO	OCP-00008
03/16/2017	86.64	WATER_UO	OCP-00626
03/16/2017	3968.51	TOF	OCP-00626
03/16/2017	345.6	WATER_UO	OCP-00626
03/16/2017	172.5644	INTEREST	OCP-00626
03/16/2017	245.82	ELECTRIC_UO	OCP-00660
03/16/2017	28.88	WATER_UO	OCP-00660
03/16/2017	1323.09	ELECTRIC_UO	OCP-00576
03/16/2017	259.92	WATER_UO	OCP-00576
03/16/2017	766.38	ELECTRIC_UO	OCP-00130
03/16/2017	86.64	WATER_UO	OCP-00130
03/16/2017	3463.17	ELECTRIC_UO	OCP-00470
03/16/2017	43.32	WATER_UO	OCP-00470
03/16/2017	267.51	ELECTRIC_UO	OCP-00454
03/16/2017	43.32	WATER_UO	OCP-00454
03/16/2017	1525.53	ELECTRIC_UO	OCP-00320
03/16/2017	303.24	WATER_UO	OCP-00320
03/16/2017	2291.91	ELECTRIC_UO	OCP-00297
03/16/2017	158.84	WATER_UO	OCP-00297
03/16/2017	130.14	ELECTRIC_UO	OCP-00620
03/16/2017	245.48	WATER_UO	OCP-00620
03/16/2017	14.37	WATER_UO	OCP-00654
03/16/2017	2200.21	RPT_UO_FEE	OCP-00654
03/16/2017	364.33	INS_UO_FEE	OCP-00654
03/16/2017	209.84	INTEREST	OCP-00654
03/16/2017	111.55	INTEREST	OCP-00654
03/16/2017	36.15	ELECTRIC_UO	OCP-00611
03/16/2017	14.44	WATER_UO	OCP-00611
03/16/2017	621.78	ELECTRIC_UO	OCP-00153
03/16/2017	14.44	WATER_UO	OCP-00153
03/16/2017	1511.07	ELECTRIC_UO	OCP-00144
03/16/2017	245.48	WATER_UO	OCP-00144
03/16/2017	3087.21	ELECTRIC_UO	OCP-00144
03/16/2017	332.12	WATER_UO	OCP-00144
03/16/2017	2226.84	ELECTRIC_UO	OCP-00657
03/16/2017	129.96	WATER_UO	OCP-00657
03/16/2017	809.76	ELECTRIC_UO	OCP-00579
03/16/2017	43.32	WATER_UO	OCP-00579
03/16/2017	1453.23	ELECTRIC_UO	OCP-00004
03/16/2017	187.72	WATER_UO	OCP-00004
03/16/2017	2653.41	ELECTRIC_UO	OCP-00050
03/16/2017	57.76	WATER_UO	OCP-00050
03/16/2017	535.02	ELECTRIC_UO	OCP-00226
03/16/2017	57.76	WATER_UO	OCP-00226
03/16/2017	1691.82	ELECTRIC_UO	OCP-00481
03/16/2017	288.8	WATER_UO	OCP-00481
03/16/2017	1337.55	ELECTRIC_UO	OCP-00655
03/16/2017	86.64	WATER_UO	OCP-00655
03/16/2017	1727.97	ELECTRIC_UO	OCP-00394
03/16/2017	375.44	WATER_UO	OCP-00394
03/16/2017	1756.89	ELECTRIC_UO	OCP-00486
03/16/2017	101.08	WATER_UO	OCP-00486
03/16/2017	101.22	ELECTRIC_UO	OCP-00440
03/16/2017	621.78	ELECTRIC_UO	OCP-00109
03/16/2017	14.44	WATER_UO	OCP-00109
03/16/2017	173.52	ELECTRIC_UO	OCP-00586
03/16/2017	72.2	WATER_UO	OCP-00586
03/16/2017	274.74	ELECTRIC_UO	OCP-00548
03/16/2017	57.76	WATER_UO	OCP-00548
03/16/2017	2060.55	ELECTRIC_UO	OCP-00021
03/16/2017	129.96	WATER_UO	OCP-00021
03/16/2017	361.5	ELECTRIC_UO	OCP-00260
03/16/2017	14.44	WATER_UO	OCP-00260
03/16/2017	5350.2	ELECTRIC_UO	OCP-00606
03/16/2017	505.4	WATER_UO	OCP-00606
03/16/2017	14.44	WATER_UO	OCP-00093
03/16/2017	1026.66	ELECTRIC_UO	OCP-00123
03/16/2017	115.52	WATER_UO	OCP-00123
03/16/2017	2053.32	ELECTRIC_UO	OCP-00649
03/16/2017	187.72	WATER_UO	OCP-00649
03/16/2017	4345.23	ELECTRIC_UO	OCP-00427
03/16/2017	274.36	WATER_UO	OCP-00427
03/16/2017	187.98	ELECTRIC_UO	OCP-00613
03/16/2017	57.76	WATER_UO	OCP-00613
03/16/2017	1474.92	ELECTRIC_UO	OCP-00143
03/16/2017	86.64	WATER_UO	OCP-00143
03/16/2017	2602.8	ELECTRIC_UO	OCP-00080
03/16/2017	115.52	WATER_UO	OCP-00080
03/16/2017	4930.86	ELECTRIC_UO	OCP-00080
03/16/2017	129.96	WATER_UO	OCP-00080
03/16/2017	1554.45	ELECTRIC_UO	OCP-00179
03/16/2017	173.28	WATER_UO	OCP-00179
03/16/2017	1113.42	ELECTRIC_UO	OCP-00046
03/16/2017	187.72	WATER_UO	OCP-00046
03/16/2017	1539.99	ELECTRIC_UO	OCP-00019
03/16/2017	173.28	WATER_UO	OCP-00019
03/16/2017	968.82	ELECTRIC_UO	OCP-00133
03/16/2017	86.64	WATER_UO	OCP-00133
03/16/2017	137.37	ELECTRIC_UO	OCP-00366
03/16/2017	14.44	WATER_UO	OCP-00366
03/16/2017	260.28	ELECTRIC_UO	OCP-00616
03/16/2017	129.96	WATER_UO	OCP-00616
03/16/2017	36.15	ELECTRIC_UO	OCP-00165
03/16/2017	80.99	TOF	OCP-00165
03/16/2017	3.2396	INTEREST	OCP-00165
03/16/2017	65.07	ELECTRIC_UO	OCP-00150
03/16/2017	1156.8	ELECTRIC_UO	OCP-00659
03/16/2017	72.2	WATER_UO	OCP-00659
03/16/2017	2971.53	ELECTRIC_UO	OCP-00528
03/16/2017	389.88	WATER_UO	OCP-00528
03/16/2017	2342.52	ELECTRIC_UO	OCP-00094
03/16/2017	259.92	WATER_UO	OCP-00094
03/16/2017	43.32	WATER_UO	OCP-00529
03/16/2017	1359.24	ELECTRIC_UO	OCP-00041
03/16/2017	86.64	WATER_UO	OCP-00041
03/16/2017	1106.19	ELECTRIC_UO	OCP-00247
03/16/2017	274.36	WATER_UO	OCP-00247
03/16/2017	3231.81	ELECTRIC_UO	OCP-00247
03/16/2017	418.76	WATER_UO	OCP-00247
03/16/2017	585.63	ELECTRIC_UO	OCP-00190
03/16/2017	28.88	WATER_UO	OCP-00190
03/16/2017	802.53	ELECTRIC_UO	OCP-00521
03/16/2017	72.2	WATER_UO	OCP-00521
03/16/2017	296.43	ELECTRIC_UO	OCP-00202
03/16/2017	144.4	WATER_UO	OCP-00202
03/16/2017	766.38	ELECTRIC_UO	OCP-00083
03/16/2017	43.32	WATER_UO	OCP-00083
03/16/2017	961.59	ELECTRIC_UO	OCP-00347
03/16/2017	101.08	WATER_UO	OCP-00347
03/16/2017	816.99	ELECTRIC_UO	OCP-00279
03/16/2017	28.88	WATER_UO	OCP-00279
03/16/2017	1655.67	ELECTRIC_UO	OCP-00229
03/16/2017	447.64	WATER_UO	OCP-00229
03/16/2017	751.92	ELECTRIC_UO	OCP-00033
03/16/2017	14.44	WATER_UO	OCP-00033
03/16/2017	1120.65	ELECTRIC_UO	OCP-00180
03/16/2017	303.24	WATER_UO	OCP-00180
03/16/2017	766.38	ELECTRIC_UO	OCP-00087
03/16/2017	57.76	WATER_UO	OCP-00087
03/16/2017	21.69	ELECTRIC_UO	OCP-00416
03/16/2017	1127.88	ELECTRIC_UO	OCP-00666
03/16/2017	115.52	WATER_UO	OCP-00666
03/16/2017	4280.16	ELECTRIC_UO	OCP-00374
03/16/2017	418.76	WATER_UO	OCP-00374
03/16/2017	115.68	ELECTRIC_UO	OCP-00274
03/16/2017	303.66	ELECTRIC_UO	OCP-00234
03/16/2017	57.76	WATER_UO	OCP-00234
03/16/2017	1279.71	ELECTRIC_UO	OCP-00120
03/16/2017	231.04	WATER_UO	OCP-00120
03/16/2017	1156.8	ELECTRIC_UO	OCP-00634
03/16/2017	101.08	WATER_UO	OCP-00634
03/16/2017	1619.52	ELECTRIC_UO	OCP-00220
03/16/2017	115.52	WATER_UO	OCP-00220
03/16/2017	93.99	ELECTRIC_UO	OCP-00009
03/16/2017	14.44	WATER_UO	OCP-00009
03/16/2017	3094.44	ELECTRIC_UO	OCP-00525
03/16/2017	86.64	WATER_UO	OCP-00525
03/16/2017	2378.67	ELECTRIC_UO	OCP-00372
03/16/2017	433.2	WATER_UO	OCP-00372
03/16/2017	448.26	ELECTRIC_UO	OCP-00048
03/16/2017	43.32	WATER_UO	OCP-00048
03/16/2017	2096.7	ELECTRIC_UO	OCP-00215
03/16/2017	202.16	WATER_UO	OCP-00215
03/16/2017	520.56	ELECTRIC_UO	OCP-00396
03/16/2017	28.88	WATER_UO	OCP-00396
03/16/2017	28.88	WATER_UO	OCP-00530
03/16/2017	3470.4	ELECTRIC_UO	OCP-00441
03/16/2017	303.24	WATER_UO	OCP-00441
03/16/2017	12717.57	ELECTRIC_UO	OCP-00183
03/16/2017	101.08	WATER_UO	OCP-00183
03/16/2017	715.77	ELECTRIC_UO	OCP-00152
03/16/2017	447.64	WATER_UO	OCP-00152
03/16/2017	2147.31	ELECTRIC_UO	OCP-00152
03/16/2017	72.2	WATER_UO	OCP-00152
03/16/2017	180.75	ELECTRIC_UO	OCP-00487
03/16/2017	7.23	ELECTRIC_UO	OCP-00160
03/16/2017	28.88	WATER_UO	OCP-00160
03/16/2017	1395.73	TOF	OCP-00160
03/16/2017	259.2	WATER_UO	OCP-00160
03/16/2017	7333.33	RPT_UO_FEE	OCP-00160
03/16/2017	958.23	INS_UO_FEE	OCP-00160
03/16/2017	693.04	INTEREST	OCP-00160
03/16/2017	425.5812	INTEREST	OCP-00160
03/16/2017	715.77	ELECTRIC_UO	OCP-00282
03/16/2017	288.8	WATER_UO	OCP-00282
03/16/2017	419.34	ELECTRIC_UO	OCP-00533
03/16/2017	28.88	WATER_UO	OCP-00533
03/16/2017	795.3	ELECTRIC_UO	OCP-00028
03/16/2017	72.2	WATER_UO	OCP-00028
03/16/2017	860.37	ELECTRIC_UO	OCP-00062
03/16/2017	129.96	WATER_UO	OCP-00062
03/16/2017	3528.24	ELECTRIC_UO	OCP-00010
03/16/2017	361	WATER_UO	OCP-00010
03/16/2017	1981.02	ELECTRIC_UO	OCP-00445
03/16/2017	361	WATER_UO	OCP-00445
03/16/2017	1503.84	ELECTRIC_UO	OCP-00561
03/16/2017	187.72	WATER_UO	OCP-00561
03/16/2017	43.38	ELECTRIC_UO	OCP-00017
03/16/2017	1800.27	ELECTRIC_UO	OCP-00531
03/16/2017	115.52	WATER_UO	OCP-00531
03/16/2017	2863.08	ELECTRIC_UO	OCP-00281
03/16/2017	57.76	WATER_UO	OCP-00281
03/16/2017	1012.2	ELECTRIC_UO	OCP-00602
03/16/2017	173.28	WATER_UO	OCP-00602
03/16/2017	14.44	WATER_UO	OCP-00159
03/16/2017	1496.61	ELECTRIC_UO	OCP-00607
03/16/2017	202.16	WATER_UO	OCP-00607
03/16/2017	491.64	ELECTRIC_UO	OCP-00225
03/16/2017	3434.25	ELECTRIC_UO	OCP-00259
03/16/2017	317.68	WATER_UO	OCP-00259
03/16/2017	267.51	ELECTRIC_UO	OCP-00647
03/16/2017	28.88	WATER_UO	OCP-00647
03/16/2017	426.57	ELECTRIC_UO	OCP-00355
03/16/2017	43.32	WATER_UO	OCP-00355
03/16/2017	484.41	ELECTRIC_UO	OCP-00261
03/16/2017	14.44	WATER_UO	OCP-00261
03/16/2017	441.03	ELECTRIC_UO	OCP-00456
03/16/2017	86.64	WATER_UO	OCP-00456
03/16/2017	1554.45	ELECTRIC_UO	OCP-00652
03/16/2017	231.04	WATER_UO	OCP-00652
03/16/2017	1286.94	ELECTRIC_UO	OCP-00577
03/16/2017	14.44	WATER_UO	OCP-00577
03/16/2017	1294.17	ELECTRIC_UO	OCP-00638
03/16/2017	231.04	WATER_UO	OCP-00638
03/16/2017	1829.19	ELECTRIC_UO	OCP-00466
03/16/2017	332.12	WATER_UO	OCP-00466
03/16/2017	636.24	ELECTRIC_UO	OCP-00526
03/16/2017	57.76	WATER_UO	OCP-00526
03/16/2017	2776.32	ELECTRIC_UO	OCP-00199
03/16/2017	173.28	WATER_UO	OCP-00199
03/16/2017	939.9	ELECTRIC_UO	OCP-00145
03/16/2017	158.84	WATER_UO	OCP-00145
03/16/2017	1258.02	ELECTRIC_UO	OCP-00005
03/16/2017	101.08	WATER_UO	OCP-00005
03/16/2017	5617.71	ELECTRIC_UO	OCP-00029
03/16/2017	462.08	WATER_UO	OCP-00029
03/16/2017	1446	ELECTRIC_UO	OCP-00593
03/16/2017	86.64	WATER_UO	OCP-00593
03/16/2017	7.23	ELECTRIC_UO	OCP-00338
03/16/2017	7.23	ELECTRIC_UO	OCP-00679
03/16/2017	361.5	ELECTRIC_UO	OCP-00468
03/16/2017	158.84	WATER_UO	OCP-00468
03/16/2017	72.3	ELECTRIC_UO	OCP-00565
03/16/2017	838.68	ELECTRIC_UO	OCP-00389
03/16/2017	158.84	WATER_UO	OCP-00389
03/16/2017	1070.04	ELECTRIC_UO	OCP-00174
03/16/2017	173.28	WATER_UO	OCP-00174
03/16/2017	7.23	ELECTRIC_UO	OCP-00453
03/16/2017	14.44	WATER_UO	OCP-00453
03/16/2017	679.62	ELECTRIC_UO	OCP-00026
03/16/2017	21.69	ELECTRIC_UO	OCP-00684
03/16/2017	7.23	ELECTRIC_UO	OCP-00682
03/16/2017	1142.34	ELECTRIC_UO	OCP-00277
03/16/2017	129.96	WATER_UO	OCP-00277
03/16/2017	36.15	ELECTRIC_UO	OCP-00307
03/16/2017	1894.26	ELECTRIC_UO	OCP-00390
03/16/2017	187.72	WATER_UO	OCP-00390
03/16/2017	715.77	ELECTRIC_UO	OCP-00013
03/16/2017	14.44	WATER_UO	OCP-00013
03/16/2017	1446	ELECTRIC_UO	OCP-00640
03/16/2017	72.2	WATER_UO	OCP-00640
03/16/2017	2096.7	ELECTRIC_UO	OCP-00627
03/16/2017	202.16	WATER_UO	OCP-00627
03/16/2017	665.16	ELECTRIC_UO	OCP-00036
03/16/2017	144.4	WATER_UO	OCP-00036
03/16/2017	2053.32	ELECTRIC_UO	OCP-00038
03/16/2017	346.56	WATER_UO	OCP-00038
03/16/2017	1547.22	ELECTRIC_UO	OCP-00038
03/16/2017	245.48	WATER_UO	OCP-00038
03/16/2017	5509.26	ELECTRIC_UO	OCP-00039
03/16/2017	404.32	WATER_UO	OCP-00039
03/16/2017	4764.57	ELECTRIC_UO	OCP-00114
03/16/2017	519.84	WATER_UO	OCP-00114
03/16/2017	14.46	ELECTRIC_UO	OCP-00635
03/16/2017	1286.94	ELECTRIC_UO	OCP-00491
03/16/2017	57.76	WATER_UO	OCP-00491
03/16/2017	2140.08	ELECTRIC_UO	OCP-00200
03/16/2017	346.56	WATER_UO	OCP-00200
03/16/2017	7.23	ELECTRIC_UO	OCP-00625
03/16/2017	28.88	WATER_UO	OCP-00625
03/16/2017	3487.29	WATER_UO	OCP-00625
03/16/2017	265.34	INTEREST	OCP-00625
03/16/2017	150.1052	INTEREST	OCP-00625
03/16/2017	2031.63	ELECTRIC_UO	OCP-00512
03/16/2017	43.32	WATER_UO	OCP-00512
03/16/2017	990.51	ELECTRIC_UO	OCP-00459
03/16/2017	72.2	WATER_UO	OCP-00459
03/16/2017	1380.93	ELECTRIC_UO	OCP-00603
03/16/2017	129.96	WATER_UO	OCP-00603
03/16/2017	5411.04	RPT_UO_FEE	OCP-00168
03/16/2017	707.2	INS_UO_FEE	OCP-00168
03/16/2017	499.25	INTEREST	OCP-00168
03/16/2017	264.6996	INTEREST	OCP-00168
03/16/2017	2212.38	ELECTRIC_UO	OCP-00438
03/16/2017	259.92	WATER_UO	OCP-00438
03/16/2017	4171.71	ELECTRIC_UO	OCP-00176
03/16/2017	231.04	WATER_UO	OCP-00176
03/16/2017	1330.32	ELECTRIC_UO	OCP-00101
03/16/2017	72.2	WATER_UO	OCP-00101
03/16/2017	527.79	ELECTRIC_UO	OCP-00154
03/16/2017	245.48	WATER_UO	OCP-00154
03/16/2017	2541.84	TOF	OCP-00154
03/16/2017	230.4	WATER_UO	OCP-00154
03/16/2017	7390.18	RPT_UO_FEE	OCP-00154
03/16/2017	965.25	INS_UO_FEE	OCP-00154
03/16/2017	681.81	INTEREST	OCP-00154
03/16/2017	472.3792	INTEREST	OCP-00154
03/16/2017	7390.18	RPT_UO_FEE	OCP-00678
03/16/2017	965.25	INS_UO_FEE	OCP-00678
03/16/2017	334.22	INTEREST	OCP-00678
03/16/2017	347.586	INTEREST	OCP-00678
03/16/2017	1959.33	ELECTRIC_UO	OCP-00324
03/16/2017	173.28	WATER_UO	OCP-00324
03/16/2017	585.63	ELECTRIC_UO	OCP-00146
03/16/2017	115.52	WATER_UO	OCP-00146
03/16/2017	433.8	ELECTRIC_UO	OCP-00384
03/16/2017	14.44	WATER_UO	OCP-00384